当前文件,字节数,SHA256,资源编号,切片帧数,完全相同的旧文件
笑傲角色-常规/fsnan2/cg_nan.aef,636,712d9c184f60e31dc7c1190459890551e61a95d6e8aebb41bd2802bdce82090b,,,
笑傲角色-常规/fsnan2/fs_nan.pwd,591,c24360511b3a1fb7cd7e465a1600ee238051a3f4f79fa7ffe6f8911ea43fe31f,7,3,apk_xajh/xaqd_tree/gwy/wm1/data/mount/zq_fs_nan/fs_nan.pwd
笑傲角色-常规/fsnan2/fs_nan001.pwd,347,6a802fdb3ad1dfda186e06f9245448d49dce7f01b304d714b984233415f1d0aa,14,1,
笑傲角色-常规/fsnan2/fs_nan01.pwd,369,f81beea29cd2a5d0f7f1a9cc342d3c5bd392007436877da22b44992e86bd6f13,0,1,
笑傲角色-常规/fsnan2/fs_nan02.pwd,360,b94578ccebb2ee96e6d2febaefd6d5d5cc4e9a43fd25f292d2e3b84f473bdbe9,1,1,
笑傲角色-常规/fsnan2/fs_nan03.pwd,434,e51c744276bb6bf041a1add8ffaf528741e05d790cd744e9e18c2ecf54fb869c,2,1,
笑傲角色-常规/fsnan2/fs_nan04.pwd,434,dffb7dfcf221f12fdb0c7dd10f7c02c12c26a1945be83a50b7824c092fe14759,3,1,
笑傲角色-常规/fsnan2/fs_nan_m.pwd,1387,e97c679021fb5e98177e88a02f8739562b68483c9d98b7a2196a947db3ea73f3,4,3,
笑傲角色-常规/fsnan2/fs_nanss.pwd,585,3676c73a68de0c69e804aba89d4cf85a5a606dfb92e25f10cd67e154956584f6,16,5,apk_xajh/xaqd_tree/gwy/wm1/map/role/cgd/f/nan/fs_nanss.pwd
笑傲角色-常规/fsnan2/fs_wq06.pwd,439,b2c331f138dfe319468d98617eb5149b7e43c655af8a7147fd7233eda229e5b1,23,1,
笑傲角色-常规/fsnan2/fs_wq07.pwd,473,56bd158e06bd5eed38a8bb4116afd362aef0107d5aca66a9d24e67180f26bd99,24,1,
笑傲角色-常规/fsnan2/fs_wq08.pwd,494,73adecefe8f421e923a3e337b9ddba5bb0dfcc86a82f2388b31dcc298c68053c,25,1,
笑傲角色-常规/fsnan2/fs_wq09.pwd,359,56bebc3ba9d9d2960aa93bcd9b89c2ac64ec2ee9f04fdb4371279a387875900f,26,1,
笑傲角色-常规/fsnan2/fscg01.pwd,285,0c3d2159c177c4e5dc7cc977190666f9080060e46f8b586d9c727ea2440b5c4e,18,1,
笑傲角色-常规/fsnan2/fscg02.pwd,292,fb50cb8681c45a032e34f025b391e5f5a15a421a730f2bedbbdf5d9509d04a21,19,1,
笑傲角色-常规/fsnan2/fscg03.pwd,403,c931ae8c161a84c5706c90a1447186ba93062a2d285694d594d14298f91105db,20,1,
笑傲角色-常规/fsnan2/fscg04.pwd,416,44056d1571cca7ea6dff2a76ab357eada7584f62ef87fcce69c49d4ccb279a0d,21,1,
笑傲角色-常规/fsnan2/fscg05.pwd,546,41910d6cbf8688d433e7b79ac1de50d0c8d1e33db0a655b3acc4551ac90d5236,22,1,
笑傲角色-常规/fsnv2/cg_nv.aef,636,1e578bb330e81a5ae674044dca361af74551670b2797ce68c58da9d5c5c5d3e2,,,
笑傲角色-常规/fsnv2/fs_nv.pwd,544,9badf5749d657d237eb97dd8986f25f8cd7747574612c4c97baef76029753358,8,3,apk_xajh/xaqd_tree/gwy/wm1/data/mount/zq_fs_nv/fs_nv.pwd
笑傲角色-常规/fsnv2/fs_nv001.pwd,359,ad4834855f5d0677d032eff1a4945f7d15d04fc6525c2791fd00dc7675d74ab0,15,1,
笑傲角色-常规/fsnv2/fs_nv01.pwd,390,d5675758093dd4cc5bfd7fb9914b92275c46e8e3afeaafc0378c513043961397,4,1,
笑傲角色-常规/fsnv2/fs_nv02.pwd,354,0472faae91c732d8fababf3786febd4483600e3ab5fd7ca08ca4b7b58e970195,5,1,
笑傲角色-常规/fsnv2/fs_nv03.pwd,423,ae4fd0a8bdb3f19a52a4cc9566ce5be9f1a8150bf6086549b79539e61297b313,6,1,
笑傲角色-常规/fsnv2/fs_nv04.pwd,403,0cd530ccf45ab3559cf062200eb6f98d10250e73516d22e056c8ad61e1eff40a,7,1,
笑傲角色-常规/fsnv2/fs_nv_m.pwd,1300,4ca318f82e2c1b2da5b568d2fb0f73477699c3d66c270d32c78da53e4cf93895,0,3,
笑傲角色-常规/fsnv2/fs_nvss.pwd,546,943d09d148eaf1077eca476dc0405031edbcaae72792a313249c732391da8f89,17,5,apk_xajh/xaqd_tree/gwy/wm1/map/role/cgd/f/nv/fs_nvss.pwd
笑傲角色-常规/fsnv2/fs_wq06.pwd,439,b2c331f138dfe319468d98617eb5149b7e43c655af8a7147fd7233eda229e5b1,23,1,
笑傲角色-常规/fsnv2/fs_wq07.pwd,473,56bd158e06bd5eed38a8bb4116afd362aef0107d5aca66a9d24e67180f26bd99,24,1,
笑傲角色-常规/fsnv2/fs_wq08.pwd,494,73adecefe8f421e923a3e337b9ddba5bb0dfcc86a82f2388b31dcc298c68053c,25,1,
笑傲角色-常规/fsnv2/fs_wq09.pwd,359,56bebc3ba9d9d2960aa93bcd9b89c2ac64ec2ee9f04fdb4371279a387875900f,26,1,
笑傲角色-常规/fsnv2/fscg01.pwd,285,0c3d2159c177c4e5dc7cc977190666f9080060e46f8b586d9c727ea2440b5c4e,18,1,
笑傲角色-常规/fsnv2/fscg02.pwd,292,fb50cb8681c45a032e34f025b391e5f5a15a421a730f2bedbbdf5d9509d04a21,19,1,
笑傲角色-常规/fsnv2/fscg03.pwd,403,c931ae8c161a84c5706c90a1447186ba93062a2d285694d594d14298f91105db,20,1,
笑傲角色-常规/fsnv2/fscg04.pwd,416,44056d1571cca7ea6dff2a76ab357eada7584f62ef87fcce69c49d4ccb279a0d,21,1,
笑傲角色-常规/fsnv2/fscg05.pwd,546,41910d6cbf8688d433e7b79ac1de50d0c8d1e33db0a655b3acc4551ac90d5236,22,1,
笑傲角色-常规/lsnan2/cg_nan.aef,660,881eb41ece843825b8c4c94deae003e29c77159c6ffc404b3b17c83b308c3e68,,,
笑傲角色-常规/lsnan2/lrcg01.pwd,250,1fb0aac92a544377321c0763426b0dbaf3670390345ed0f9708b98b49fc67339,18,1,
笑傲角色-常规/lsnan2/lrcg02.pwd,385,5a23979918ded9a898e324ae65f9e1d54d7b7d951dcdad694499649451f97bae,19,1,
笑傲角色-常规/lsnan2/lrcg03.pwd,313,081e22224faf1fd748a3a5a6c3e32bf2e7452f495933433add5e8d5703c1e1fd,20,1,
笑傲角色-常规/lsnan2/lrcg04.pwd,367,3e9593c6c3dee3c77e588458babc35cb8b386416f794fa144a3de5aaf01ed707,21,1,
笑傲角色-常规/lsnan2/lrcg05.pwd,375,e6f8def6bd289a889bcb66a5d0c24b07b255746da4ace4350a2aa90ac38075b2,22,1,
笑傲角色-常规/lsnan2/ls_nan.pwd,460,213fcc64190b550e4d4a417e333a73cefbad0445acaf54520128902d5fccd135,5,3,apk_xajh/xaqd_tree/gwy/wm1/data/mount/zq_ls_nan/ls_nan.pwd
笑傲角色-常规/lsnan2/ls_nan001.pwd,389,71aa8d8a6e910aad0986ecb0e50e8892f952ccee93d2df5a60067c0d6b4d340b,0,1,
笑傲角色-常规/lsnan2/ls_nan01.pwd,414,12aac3d77b302e0435fa04c8fabef2ca5bd4a36fe3241964aecfad5d69c4b503,1,1,
笑傲角色-常规/lsnan2/ls_nan02.pwd,490,58ef32a6fb68e775515b8d97f061b08452df446b85c1553f08e979b9a0ac7443,2,1,
笑傲角色-常规/lsnan2/ls_nan03.pwd,468,7b68a8ac2f537c5680edfba0ed6871127c5c89495f4e346109866033e320d6ad,3,1,
笑傲角色-常规/lsnan2/ls_nan04.pwd,459,e99b4f38872f883cb497df896c51c37c1a196010e1649e718ade62cce3f87187,4,1,
笑傲角色-常规/lsnan2/ls_nan_m.pwd,1075,4faa071620e2bec9e48c75a8a6364d0d771e6f8217df741e065ff1e7b14f1a2e,6,3,
笑傲角色-常规/lsnan2/ls_nan_ss.pwd,683,e3b0c0b2f70d22641aa1f64a3ec0c65ab3fc42d776dd3f950beb12f2ed9bd3da,16,6,apk_xajh/xaqd_tree/gwy/wm1/map/role/cgd/l/nan/ls_nan_ss.pwd
笑傲角色-常规/lsnan2/wq01_3.pwd,330,9b7701857f62572f8c470261c2e7403725ee6d63473bb2538a7d22df13dfc1ac,23,1,
笑傲角色-常规/lsnan2/wq02_3.pwd,329,cf08cc8a499096b4106e00a4ba5aa774bfaedad9d5d7c7b7b80f85ef76b1b4ca,24,1,
笑傲角色-常规/lsnan2/wq03_3.pwd,315,c3ea3671ffb2e9b7ca1c1b7586dd1a5786577404592294d15d68e45658380224,25,1,
笑傲角色-常规/lsnan2/wq04_3.pwd,359,1730563b0af006241708845283ebc5ae238391f7f985f8de578079b4be3b1e8e,26,1,
笑傲角色-常规/lsnv2/cg_nv.aef,660,6b22fe9f39d86c517e7a08fd8b26921b1a3d1c17b44226091d7bccd8ee3a5a66,,,
笑傲角色-常规/lsnv2/lrcg01.pwd,250,1fb0aac92a544377321c0763426b0dbaf3670390345ed0f9708b98b49fc67339,18,1,
笑傲角色-常规/lsnv2/lrcg02.pwd,385,5a23979918ded9a898e324ae65f9e1d54d7b7d951dcdad694499649451f97bae,19,1,
笑傲角色-常规/lsnv2/lrcg03.pwd,313,081e22224faf1fd748a3a5a6c3e32bf2e7452f495933433add5e8d5703c1e1fd,20,1,
笑傲角色-常规/lsnv2/lrcg04.pwd,367,3e9593c6c3dee3c77e588458babc35cb8b386416f794fa144a3de5aaf01ed707,21,1,
笑傲角色-常规/lsnv2/lrcg05.pwd,375,e6f8def6bd289a889bcb66a5d0c24b07b255746da4ace4350a2aa90ac38075b2,22,1,
笑傲角色-常规/lsnv2/ls_nv.pwd,475,dc807caf128ee462834a2a2a0ece38fc7351602979ff28af3d1fa5003a3ff5e1,6,3,apk_xajh/xaqd_tree/gwy/wm1/data/mount/zq_ls_nv/ls_nv.pwd
笑傲角色-常规/lsnv2/ls_nv001.pwd,402,91aa0032dc8050c07801dc8e333e84843533f03eda61aa2b3f39f08c5fedf8d0,5,1,
笑傲角色-常规/lsnv2/ls_nv01.pwd,431,3e9a5136ce04bbceacc5b974f0c8c943eb77b735d3e59aa13e02316d46820501,0,1,
笑傲角色-常规/lsnv2/ls_nv02.pwd,503,1c0ec34b4cda7e5c7d66d01c9df70f7f01c99d63f23671b7e8fe9bcb615ca799,7,1,
笑傲角色-常规/lsnv2/ls_nv03.pwd,468,75d0567dd1dc001687a2d1ade2a4efe9340fcf1f42d4fbc803d8946151055c3c,8,1,
笑傲角色-常规/lsnv2/ls_nv04.pwd,479,a9dfdea98050dbf1ea4e23327c85a2b12faa3501609ec6ec641f8f40ea99b3a9,9,1,
笑傲角色-常规/lsnv2/ls_nv_m.pwd,1168,e03ff87ec5c0fab755f665b7e35f232d896b159cf8f58cc8e4dfe0f84d13d27d,1,3,
笑傲角色-常规/lsnv2/ls_nv_ss.pwd,677,d09a34705ba477ee84200b5305b287e41bcd1458ec6e01ce7c283a39c07ddb4d,17,6,apk_xajh/xaqd_tree/gwy/wm1/map/role/cgd/l/nv/ls_nv_ss.pwd
笑傲角色-常规/lsnv2/wq01_3.pwd,330,9b7701857f62572f8c470261c2e7403725ee6d63473bb2538a7d22df13dfc1ac,23,1,
笑傲角色-常规/lsnv2/wq02_3.pwd,329,cf08cc8a499096b4106e00a4ba5aa774bfaedad9d5d7c7b7b80f85ef76b1b4ca,24,1,
笑傲角色-常规/lsnv2/wq03_3.pwd,315,c3ea3671ffb2e9b7ca1c1b7586dd1a5786577404592294d15d68e45658380224,25,1,
笑傲角色-常规/lsnv2/wq04_3.pwd,359,1730563b0af006241708845283ebc5ae238391f7f985f8de578079b4be3b1e8e,26,1,
笑傲角色-常规/zsnan2/cg_nan.aef,660,eff2988adc1f15786e68e19a86c71d60039602f127f95eb5437f6adf25983d88,,,
笑傲角色-常规/zsnan2/zs_nan.pwd,511,6af4cd0fd24e864cdc12228a8f5f451e429749cfc5a4a6d6fb900aeb09e49794,3,3,apk_xajh/xaqd_tree/gwy/wm1/data/mount/zq_zs_nan/zs_nan.pwd
笑傲角色-常规/zsnan2/zs_nan001.pwd,380,b7f55b30d955b265a5255e526ebc57bb587446e00c5c0f4bf3449c215e516e89,14,1,
笑傲角色-常规/zsnan2/zs_nan01.pwd,364,8d61bd8beb2329a3b6313c12921a47bec21528454c53c8a698732e83bbb77ae1,0,1,
笑傲角色-常规/zsnan2/zs_nan02.pwd,391,b2c24ffa83400fd5309b8b0768bc9b9dd0d39939812c67dd1d09d1475d4c57f1,1,1,
笑傲角色-常规/zsnan2/zs_nan03.pwd,403,fd5b76b65a8646ad862502f8ffbeb057747f59f7b784af7d18d7d19ea68fd69d,2,1,
笑傲角色-常规/zsnan2/zs_nan04.pwd,464,db224b071fd505ac2f0e3453907f8f0502a0b6fedd54dbb5d542d1f08fbd906d,4,1,
笑傲角色-常规/zsnan2/zs_nan_m.pwd,1309,9db364631cd1a0aa7a77ef93bb285eb08f933a4840cd9e75633668a036980c61,5,3,
笑傲角色-常规/zsnan2/zs_nanss.pwd,666,1f74f9db8683f83933d8dfa0bdf5675672e0caf50dd99d7cfb018714d6bf9292,16,6,apk_xajh/xaqd_tree/gwy/wm1/map/role/cgd/z/nan/zs_nanss.pwd
笑傲角色-常规/zsnan2/zs_wq01.pwd,310,c3adccadf9c1c714b89dc138f495ffbda3f633f5a7530527220ba4e2aca6feff,23,1,
笑傲角色-常规/zsnan2/zs_wq02.pwd,418,4343023266167f7bb5eb83ec1204edac820ac5d84857c15de14c9fcf21f4f410,24,1,
笑傲角色-常规/zsnan2/zs_wq03.pwd,371,070207d705381859df025c71869729007527180cc193922843fccbcd738ad583,25,1,
笑傲角色-常规/zsnan2/zs_wq04.pwd,394,6ebf6389a64a7332d50239ee625d48932911a62203730027c5c92e97f45eae37,26,1,
笑傲角色-常规/zsnan2/zscg01.pwd,264,24b0b53e806f401ace9758b8de6227ca695c9c0f3f88cbe4a54d0e21ca4c6ae6,18,1,
笑傲角色-常规/zsnan2/zscg02.pwd,286,318856c14911b141cbd22e91609b5c8889ed8924a690bdf7da5db8ba4dc30316,19,1,
笑傲角色-常规/zsnan2/zscg03.pwd,322,c475e99df9be1d5bf0fe3af1c7b83d75d65084cebbba8c4dacd6dc6d7d2e6cd8,20,1,
笑傲角色-常规/zsnan2/zscg04.pwd,329,e61b0aed0775d8fc4cceb0427aed1d684f0538189fcbfe80dec61d4a8f088251,21,1,
笑傲角色-常规/zsnan2/zscg05.pwd,409,343b1d11b9791ec08ea3fa2dcdb32e3901a6f674f79daa3c6afb2af352d9a4f0,22,1,
笑傲角色-常规/zsnv2/cg_nv.aef,684,20ab17be0f3c63bc042cf762abef97d06a58ac81f9a8b59f038b481b62a12767,,,
笑傲角色-常规/zsnv2/zs_nv.pwd,537,482a90016add3208dd4d6a4e56e654548d1ba6c514f6b4286817b762f9c54d0b,4,3,apk_xajh/xaqd_tree/gwy/wm1/data/mount/zq_zs_nv/zs_nv.pwd
笑傲角色-常规/zsnv2/zs_nv001.pwd,357,2afd346cd5cf543334f911f7bcaae0066f68e58dc25e3d0e742100197a946d3f,15,1,
笑傲角色-常规/zsnv2/zs_nv01.pwd,394,23266105bc6afc5be12a1aeb07f159012ce6df0986bd09758b4e2aae99bdbbcc,0,1,
笑傲角色-常规/zsnv2/zs_nv02.pwd,419,fd426797489375a453f995d4fc83c7680b4c525d027824208617662432a760cf,5,1,
笑傲角色-常规/zsnv2/zs_nv03.pwd,389,acde4488a5cb833dcfae77e9c478d337a30392e80f19402188a099b3a9db1c49,6,1,
笑傲角色-常规/zsnv2/zs_nv04.pwd,429,24c2a7ddfd90e8e6ee84ee5f62ec55a69aa6aef2921229a3d3de47d526718e93,7,1,
笑傲角色-常规/zsnv2/zs_nv_m.pwd,1351,a864edeb5dbc78d566894a337b31ce3a7e7d8e6eeb32e838f57cc6f49fc3a4e3,1,3,
笑傲角色-常规/zsnv2/zs_nvss.pwd,675,16b0e20c6264d63f7685733508265ff393041e29e409d863cfc19be950272fdf,17,6,apk_xajh/xaqd_tree/gwy/wm1/map/role/cgd/z/nv/zs_nvss.pwd
笑傲角色-常规/zsnv2/zs_wq01.pwd,310,c3adccadf9c1c714b89dc138f495ffbda3f633f5a7530527220ba4e2aca6feff,23,1,
笑傲角色-常规/zsnv2/zs_wq02.pwd,418,4343023266167f7bb5eb83ec1204edac820ac5d84857c15de14c9fcf21f4f410,24,1,
笑傲角色-常规/zsnv2/zs_wq03.pwd,371,070207d705381859df025c71869729007527180cc193922843fccbcd738ad583,25,1,
笑傲角色-常规/zsnv2/zs_wq04.pwd,394,6ebf6389a64a7332d50239ee625d48932911a62203730027c5c92e97f45eae37,26,1,
笑傲角色-常规/zsnv2/zscg01.pwd,264,24b0b53e806f401ace9758b8de6227ca695c9c0f3f88cbe4a54d0e21ca4c6ae6,18,1,
笑傲角色-常规/zsnv2/zscg02.pwd,286,318856c14911b141cbd22e91609b5c8889ed8924a690bdf7da5db8ba4dc30316,19,1,
笑傲角色-常规/zsnv2/zscg03.pwd,322,c475e99df9be1d5bf0fe3af1c7b83d75d65084cebbba8c4dacd6dc6d7d2e6cd8,20,1,
笑傲角色-常规/zsnv2/zscg04.pwd,329,e61b0aed0775d8fc4cceb0427aed1d684f0538189fcbfe80dec61d4a8f088251,21,1,
笑傲角色-常规/zsnv2/zscg05.pwd,409,343b1d11b9791ec08ea3fa2dcdb32e3901a6f674f79daa3c6afb2af352d9a4f0,22,1,
笑傲角色-战斗/fszd/14.pwd,648,4a24b197e78dd059a3d804de49355be569463184f418ff1a3c68cb91c7de8893,36,3,apk_xajh/xaqd_tree/gwy/wm1/map/role/zhandou/f/14.pwd
笑傲角色-战斗/fszd/fs_nan.pwd,1007,1573279e987a2d45241fea7aa8c530ab3dc4f75b3e0e0cd0244e59c8d033eb1a,32,10,apk_xajh/xaqd_tree/gwy/wm1/map/role/zhandou/f/fs_nan.pwd
笑傲角色-战斗/fszd/fs_nan001.pwd,347,e62da4f257dda6cd912d7bac979e8afa4e62105ab0aa8a72905055ee02dc7f4b,0,1,
笑傲角色-战斗/fszd/fs_nan001_1.pwd,354,b7fa83a38f1b85549f8a1f3b0a26d58a025069cb67a3771851a308a927a688c5,10,1,
笑傲角色-战斗/fszd/fs_nan01.pwd,369,ade32fd424591a9318045fd98cb433a7b7daa8d69de282af51baba180ac7e309,1,1,
笑傲角色-战斗/fszd/fs_nan01_1.pwd,376,523572e488763adc380225005978a7b573170ee94c1c19e3d08261dfbf88378d,11,1,
笑傲角色-战斗/fszd/fs_nan02.pwd,359,a19e04a43df79ac11ce2a36c543c86dd7525ea8a6fff19e16123991b7f57cf86,2,1,
笑傲角色-战斗/fszd/fs_nan02_1.pwd,364,05f7b0fd460a923254ed01e25a60d961ce586c634d484ef73bbd3e624bb9f152,12,1,
笑傲角色-战斗/fszd/fs_nan03.pwd,434,6ac96f50543f0ec9bcb063e134599641e130049d02fe1b62913b26a40a727741,3,1,
笑傲角色-战斗/fszd/fs_nan03_1.pwd,439,e8a42be2380fe2357ddb4a5f05f44c67713c3c20916b626fa9dabd6f6819064f,13,1,
笑傲角色-战斗/fszd/fs_nan04.pwd,433,1c2a1587e55490ce5d198b978dcaee65e65e1ebefd66fa181f2f50514219fe85,4,1,
笑傲角色-战斗/fszd/fs_nan04_1.pwd,441,6cc6cf93fbfa77c8b4955782f1537431ba210632d7802121f71f66f746a24c08,14,1,
笑傲角色-战斗/fszd/fs_nv.pwd,819,9603140f090b8602eed4cd900e86fb278b346542a025b22f6e6b2c357c32241a,33,12,apk_xajh/xaqd_tree/gwy/wm1/map/role/zhandou/f/fs_nv.pwd
笑傲角色-战斗/fszd/fs_nv001.pwd,359,a1fa258a99bf92e39be2c21780de0e10ff97171c436ae09d25dab014ec30d8d9,5,1,
笑傲角色-战斗/fszd/fs_nv001_1.pwd,358,21d7399145740d615c48d07466497b3c737bb1da2ec907f38a695040fcf21d4f,15,1,
笑傲角色-战斗/fszd/fs_nv01.pwd,390,82bca320aed95740b52b4e02bb9438a7999af1b66569814ac0c3b9431626d91b,6,1,
笑傲角色-战斗/fszd/fs_nv01_1.pwd,393,367f215f1f3f5fa1a010577c0fc8375dc1fce9c2ebbd7d3aa1fe7f356c725443,16,1,
笑傲角色-战斗/fszd/fs_nv02.pwd,354,d65ed27eb3788f90f244d4d5946d751a35c3e55117b13b18a58d0242eff99680,7,1,
笑傲角色-战斗/fszd/fs_nv02_1.pwd,360,b796b8b511e97464d7364489b188f322583d4d87720f0c816d859f7bb70a4bd5,17,1,
笑傲角色-战斗/fszd/fs_nv03.pwd,423,8f7c2d58645b12e7b8664e5394613d900f93be8a671280d35c630b4df64fac63,8,1,
笑傲角色-战斗/fszd/fs_nv03_1.pwd,427,40be8d40d9ac778f10b2624d20f1fceb5c902ff0710af2945ee85f235895e960,18,1,
笑傲角色-战斗/fszd/fs_nv04.pwd,401,adc4528e94d1e53ae21e03d675a0bee4c80875df37f1b7fb7aaba34c9dae24f4,9,1,
笑傲角色-战斗/fszd/fs_nv04_1.pwd,408,9f1c79ca989b399ae48ddaff3517a81783860f12d70eaef36915a3bd13860dd4,19,1,
笑傲角色-战斗/fszd/fszd01.pwd,461,af0c8645a36471281bd42056640ac924add8745a0300741fba6a8d1516fbeb02,38,3,
笑傲角色-战斗/fszd/fszd02.pwd,519,4d9623037281b880664e6252e09a3c5e28a0490c1c70f0db058f5705a98afad8,39,3,
笑傲角色-战斗/fszd/fszd03.pwd,829,5ace13c03fa697718c856f4d69bada0bae8c586bee851243d9cd2fb0bd645ea0,40,3,
笑傲角色-战斗/fszd/fszd04.pwd,833,f4acc02ea64e80c2064eba936cd320b497febb90b6d06f52a4b715504b71f0bb,41,3,
笑傲角色-战斗/fszd/fszd05.pwd,1078,3c5fb7affc11c6539ade2c1a83d59b84e27d9c052e7c63b67411e7a1a50385a3,42,3,
笑傲角色-战斗/fszd/new_11.pwd,1051,4e45d8d3a1c6347747f5497416a523b10d808dbd60e7751e50f54e638d0055d4,37,11,apk_xajh/xaqd_tree/gwy/wm1/map/role/zhandou/f/new_11.pwd
笑傲角色-战斗/fszd/new_13.pwd,574,851d95e993181df4564343b8700d1d4452a7c9952f31719d38cd6c0d68a7c92a,35,14,apk_xajh/xaqd_tree/gwy/wm1/map/role/zhandou/f/new_13.pwd
笑傲角色-战斗/fszd/touying03.pwd,244,50778e796e07abcbdcc3d19b793711b3c2ba1ab008862eb548e3351454a2d7a9,34,1,
笑傲角色-战斗/fszd/wq01_1.pwd,867,a87bec956a7e847cd1be3bda55ef915965f01a5e4feb01e18c86ded5ef7ab09b,43,3,
笑傲角色-战斗/fszd/wq02_1.pwd,954,ed3d510b9a82601725ac92242ac71a0942ef0fb657348e7a4c0fb6581feab774,44,3,
笑傲角色-战斗/fszd/wq03_1.pwd,1014,0cd337b10442af476f3dc0974922cd065c458eca88e6628ff7c587bf67a4b8a4,45,3,
笑傲角色-战斗/fszd/wq04_1.pwd,737,3847697378a18930f0862fca2089bbc82676d59240119ad10c2d1e4abbb38abb,46,3,
笑傲角色-战斗/fszd/zd_nan.aef,4932,c925956c2e9aab3f8a3031d827e9d63f64086207cad7d012c722db2d54cdb7ca,,,apk_xajh/xaqd_tree/gwy/wm1/map/role/zhandou/f/zd_nan.aef
笑傲角色-战斗/fszd/zd_nv.aef,5108,66db9d0ac94406e48d481902716ec8d08083eb7ae1517ca5cd6251808a5d3e45,,,apk_xajh/xaqd_tree/gwy/wm1/map/role/zhandou/f/zd_nv.aef
笑傲角色-战斗/lszd/120.pwd,222,48c47133b9a473afbc7439c415a39f40fc1799edd874c78664d5904fccd15c4f,34,1,apk_xajh/xaqd_tree/gwy/wm1/map/role/zhandou/l/120.pwd
笑傲角色-战斗/lszd/lrzd01.pwd,337,b08a200468ff64c44ce484421cbf297abb7597aa2cdec5be0927ee3f179e45db,39,2,
笑傲角色-战斗/lszd/lrzd02.pwd,580,71d667fd389693bc2ed50a3b7ca45c7a7c338f2a7901f94dab39e6b54d59d14d,40,2,
笑傲角色-战斗/lszd/lrzd03.pwd,532,83ba99afc22469f2dcbb2c4cfeeacca60cae0ed006d5af3a4bf23a10492fdc58,41,2,
笑傲角色-战斗/lszd/lrzd04.pwd,508,166f5ada42d76b0137757c67d185bd2799d0fb65f18885116deab2a6eefb844a,42,2,
笑傲角色-战斗/lszd/lrzd05.pwd,601,cdf200172f646cfa9436a7c81466ec2806b741c31da9b106a524792143277afd,43,2,
笑傲角色-战斗/lszd/ls_nan001.pwd,379,48f46e11b969bf5b0a8b9d99183ba3fcbe0cada0a956f48f14a52c5e17178f8c,24,1,
笑傲角色-战斗/lszd/ls_nan001_1.pwd,394,8f57e1124394139a0ebee90cb3de4a47027308bd1edf5cb1bc111d5536c3b882,14,1,
笑傲角色-战斗/lszd/ls_nan01.pwd,414,768be57d8d7db9eb476ba116588a0a50643ef1e160949549787a11bcc2831080,0,1,
笑傲角色-战斗/lszd/ls_nan01_1.pwd,423,26d65f79429621d66db091b56478543957ed75e9a5e5e96b6efce66131ccfa19,15,1,
笑傲角色-战斗/lszd/ls_nan02.pwd,489,4a8baee7c1873b331ecddea830d02a446cbb7711955a0fae02eec06c32a29ceb,1,1,
笑傲角色-战斗/lszd/ls_nan02_1.pwd,497,cc083308fe8950d4ebb2d49f4b8caa4ad100da5d6bd7d58805d45881e125e548,16,1,
笑傲角色-战斗/lszd/ls_nan03.pwd,468,3efb5eed71d9bf9e5221c1d4c4b2c035b89eeb4ec5e689a112807e300497c67a,2,1,
笑傲角色-战斗/lszd/ls_nan03_1.pwd,470,165a2233647c556090dadeec348961587afa5d6149cbc41777ca68c3c56eb251,17,1,
笑傲角色-战斗/lszd/ls_nan04.pwd,459,6b40b983c38a1602d936f2381dd306b2490d77c0675f621eaf59e972907ce3b2,3,1,
笑傲角色-战斗/lszd/ls_nan04_1.pwd,466,1eafd7a1ebadf9f7477efd5cce1f6ec3bec3a197482bc58a5f0199edfbb74552,18,1,
笑傲角色-战斗/lszd/ls_nv001.pwd,411,74a1af40a9e8e63d17ad0bac27b8566de5fd5d12ef8f94125c86514dcf54ffb9,25,1,
笑傲角色-战斗/lszd/ls_nv001_1.pwd,423,e7e5dd3425c7b2221b863c78893b3ac34901b9f693c191a2af4c6f4e82862cd3,19,1,
笑傲角色-战斗/lszd/ls_nv01.pwd,451,f724ab6ab35cdce801f65d2c5399afe6d2baaa6de46529f8c0e03d7367984e74,4,1,
笑傲角色-战斗/lszd/ls_nv01_1.pwd,437,0e580bfe04b4e16bd267e7cf7a4a394669bf2c037c2862c4015562c5ca48f7ec,20,1,
笑傲角色-战斗/lszd/ls_nv02.pwd,524,02bce37146e9b25b50cc60ec56c05e42242c2bc27b0ecbb8c5f16b782216e89e,5,1,
笑傲角色-战斗/lszd/ls_nv02_1.pwd,510,eb2d855e15a83f61b347142ef5375e38616ebedefa2446679e7774979a3dc908,21,1,
笑傲角色-战斗/lszd/ls_nv03.pwd,483,6db1ee8bc66d964e3927671f783e80df7fa0dee4faa72d5f86dee5314a0f85f3,6,1,
笑傲角色-战斗/lszd/ls_nv03_1.pwd,473,a8e3f149cbf551e6820e735d05da76911664af6bcc64413cb7f468d13abc907b,22,1,
笑傲角色-战斗/lszd/ls_nv04.pwd,479,5a465dc8ac88317c273dca302b3598914401b8df68b6513009719203e6b25117,7,1,
笑傲角色-战斗/lszd/ls_nv04_1.pwd,486,9e1979abfb3e4c10326ee38b72f1080255dd733d5c7c747bf78acd4d983532f1,23,1,
笑傲角色-战斗/lszd/nanlrzd.pwd,1202,40a9286d76838ff827ff9fdca01a19b852e9070c194996f03e349e3209cf8ee1,32,12,apk_xajh/xaqd_tree/gwy/wm1/map/role/zhandou/l/nanlrzd.pwd
笑傲角色-战斗/lszd/new_32_1.pwd,739,7c177fdfaf7ce37215885b3dee07b9d67eb1c1cb365d57d7880a85120b513800,38,9,apk_xajh/xaqd_tree/gwy/wm1/map/role/zhandou/l/new_32_1.pwd
笑傲角色-战斗/lszd/new_6.pwd,1883,d5709894d769086e430668ce505353893b90d8b5c11e9f85a0ec654fac43b225,35,9,apk_xajh/xaqd_tree/gwy/wm1/map/role/zhandou/l/new_6.pwd
笑傲角色-战斗/lszd/new_7.pwd,2656,8cfa4f87d8b1f2b486b3b36cbc0bb7d6d86f86d82700b7977cc73e723f96680e,36,4,apk_xajh/xaqd_tree/gwy/wm1/map/role/zhandou/l/new_7.pwd
笑傲角色-战斗/lszd/new_8.pwd,1032,21d787af9bb120a867c769a805c3422ceb341dba0da369175254aca1d6104406,37,15,apk_xajh/xaqd_tree/gwy/wm1/map/role/zhandou/l/new_8.pwd
笑傲角色-战斗/lszd/nvlrzd.pwd,1265,b4e3b2caa50c96c4e3c09b9a1fc908d3924773df426aae601347db4926e4e6a9,33,12,
笑傲角色-战斗/lszd/wq01.pwd,614,0f3822111768676df91dc8b82d92344a6a702e4e82acf6cfb33329e27ef10ff6,44,2,
笑傲角色-战斗/lszd/wq02.pwd,563,8f5bff35508d203cd03ff19db89acda3c1253d01a214c9ac688fe28f65968b76,45,2,
笑傲角色-战斗/lszd/wq03.pwd,607,7ac65208e32759c686b577b1da732f593ff3bacebef3f51a87fedd72b7ebea8c,46,2,
笑傲角色-战斗/lszd/wq04.pwd,718,35ff838bb96fe522ce2224b92ad57d912a4c0d8b577b70fb6cbc8b0257c9a469,47,2,
笑傲角色-战斗/lszd/zd_nan.aef,5654,06de57bfc72a7c6a1149b9731af0acc7173506fea33ebe0c60ea573720967d0c,,,apk_xajh/xaqd_tree/gwy/wm1/map/role/zhandou/l/zd_nan.aef
笑傲角色-战斗/lszd/zd_nv.aef,5470,352f6a789df2ebb51fe104ffdea94bfaf3bfe03b6c31e214d1341bb1d06d251d,,,apk_xajh/xaqd_tree/gwy/wm1/map/role/zhandou/l/zd_nv.aef
笑傲角色-战斗/tx/fstx/new_12.pwd,1974,a1cebe22e21f3091d11ab65a7d95962c2049f94f9850d05386b395f04d931958,1,6,apk_xajh/xaqd_tree/gwy/wm1/pk/fightSpecific/new_12.pwd
笑傲角色-战斗/tx/fstx/qgtx.aef,158,87df35c63b7dfc038dc62060ede4743bd1305891f5994507375594ada324f294,,,apk_xajh/xaqd_tree/gwy/wm1/pk/fightSpecific/qgtx.aef; apk_xajh/xaqd_tree/gwy/wm1/pk/petjineng/pettx2/pettx1.aef
笑傲角色-战斗/tx/qitatx/0.aef,1224,855f0aca4ed58f9eb9167e906280e1ac445c4983e86265da093c3477ad2a8659,,,
笑傲角色-战斗/tx/qitatx/0.pwd,5470,9653ef121e9d3c0d6c92569c7a3282af712a506d83ed5424062092c4bf85f52d,0,91,
笑傲角色-战斗/tx/zstx/2.pwd,2896,76b92161aa39ca6ac7a97641476e06143facf57e74be054cf20dae76bc002f26,2,10,apk_xajh/xaqd_tree/gwy/wm1/pk/fightSpecific/2.pwd
笑傲角色-战斗/tx/zstx/jineng.aef,118,bb30e2c333856553cfceaa81a032e762e8187a97b3db0d54cef74e137deeb625,,,apk_xajh/xaqd_tree/gwy/wm1/pk/fightSpecific/jineng.aef
笑傲角色-战斗/zszd/new_1.pwd,1028,949f273c04261b5299dd6bbad942e312e1abfbe424f98457c0d3adb55b325c0b,35,9,apk_xajh/xaqd_tree/gwy/wm1/map/role/zhandou/z/new_1.pwd
笑傲角色-战斗/zszd/new_3.pwd,1135,2a45f59ca314b02808f01fba16e4386cc92cfea5d9d99d693553953e0867220a,36,10,apk_xajh/xaqd_tree/gwy/wm1/map/role/zhandou/z/new_3.pwd
笑傲角色-战斗/zszd/new_nanzd.pwd,435,9763ec9b8fe80124a2027b71d311d1589cca7bf0a92d8508bf41e93db3594421,37,5,
笑傲角色-战斗/zszd/touying03.pwd,227,55d5dfb058e504dcaa5eb57417c17da86a51198457f8e4d1b39fa05ca1ca69f2,34,1,apk_xajh/xaqd_tree/gwy/wm1/map/role/zhandou/z/touying03.pwd
笑傲角色-战斗/zszd/zd_nan.aef,4780,796b518995aed9fc014807367f377684e2a4a2a04f073cb2232d5d0956214db4,,,apk_xajh/xaqd_tree/gwy/wm1/map/role/zhandou/z/zd_nan.aef
笑傲角色-战斗/zszd/zd_nv.aef,4700,732a73bc688efa0b141a35e13d11c6c2eb39c8f375e2598db590e85086d9769a,,,apk_xajh/xaqd_tree/gwy/wm1/map/role/zhandou/z/zd_nv.aef
笑傲角色-战斗/zszd/zs_nan.pwd,1302,e31426c9fe2b59180d96739eb9583754dd8ceb766be5bd9ae234f427244efc41,32,13,apk_xajh/xaqd_tree/gwy/wm1/map/role/zhandou/z/zs_nan.pwd
笑傲角色-战斗/zszd/zs_nan001.pwd,380,3fd6a5fc1bab291364fe806d37e3af554fdd187aa66d7156184ece9524106c0f,0,1,
笑傲角色-战斗/zszd/zs_nan001_1.pwd,385,67eafdbd066519bebd7841615b20587ceb75fea3482bcf8747d3ed555e40d065,10,1,
笑傲角色-战斗/zszd/zs_nan01.pwd,364,a34042114c831190f000a4cf481882955ad045095c0776e09d49f5d679e624cd,1,1,
笑傲角色-战斗/zszd/zs_nan01_1.pwd,374,cd0eb3090ea52440047082a3f98815c22807610b1cb2d9f06ce69e7068ab0e60,11,1,
笑傲角色-战斗/zszd/zs_nan02.pwd,391,e7b6b49a4ba548dd4181e31ca758ddf78f7db9afaeac39a32c4a37f482bc7907,2,1,
笑傲角色-战斗/zszd/zs_nan02_1.pwd,400,97cf203c6fc46d92870344b9e20e6292239c8cf11bc3407b0ce320aaa2de3605,12,1,
笑傲角色-战斗/zszd/zs_nan03.pwd,403,f207b75b6c23149bdd76ead395f79449e48beaaf5545a23311ba1cc104de3053,3,1,
笑傲角色-战斗/zszd/zs_nan03_1.pwd,420,2f3e5d44050973b0279f9bc937a7e3b43b7401bae3bea6e1f77369fb34d02ba4,13,1,
笑傲角色-战斗/zszd/zs_nan04.pwd,463,20c7172dc6ee7f55522d1fbd27ff2427f26cf07241efda11c4e7bb012125c9b9,4,1,
笑傲角色-战斗/zszd/zs_nan04_1.pwd,474,14a5eda6590f9f2f12042805a8445beaa94794f0a97ad2654e06c0672ee0996c,14,1,
笑傲角色-战斗/zszd/zs_nv.pwd,1306,ebab1a90fe9ce286c100ab2b9e23d70552e8350944e695f6d7468a350426c9d4,33,13,apk_xajh/xaqd_tree/gwy/wm1/map/role/zhandou/z/zs_nv.pwd
笑傲角色-战斗/zszd/zs_nv001.pwd,357,21341cbb9d36ac3798e3743b69bbe9f106272177afe9eff1c8024a712bc1409c,5,1,
笑傲角色-战斗/zszd/zs_nv001_1.pwd,368,0281436a2ae09f2f138a7aae7f6e64976721654fe5b007f8223993b0c9f50519,15,1,
笑傲角色-战斗/zszd/zs_nv01.pwd,394,6fe8c97090ad991882c766ec4ba1c381629e36c01006dac6e537fc4d8da1b8ed,6,1,
笑傲角色-战斗/zszd/zs_nv01_1.pwd,403,bc7c863417a89f7345119081138b10642ba0a933220bbea652707e1250c97303,16,1,
笑傲角色-战斗/zszd/zs_nv02.pwd,419,060740f609bfff2a23dd7fd203497761242014c96b9889fd0cd9cd674d2c89c5,7,1,
笑傲角色-战斗/zszd/zs_nv02_1.pwd,426,fb180d931f98f6eb4521800496e37ca425ee6ed02e0b7b7bfbd7b20c21327dc3,17,1,
笑傲角色-战斗/zszd/zs_nv03.pwd,392,3e60c5208e551850cbe5a58f896f23c3c9c10114a37d3270b992f537f533d806,8,1,
笑傲角色-战斗/zszd/zs_nv03_1.pwd,401,bd536dbbab6ed166f313477bc45ffdaec453578b4c3aec886297d6d4aea32e66,18,1,
笑傲角色-战斗/zszd/zs_nv04.pwd,429,be7b3cfb44bcdcc11357081cd6cdcafdc8561048ff46a49b772234619be7eef0,9,1,
笑傲角色-战斗/zszd/zs_nv04_1.pwd,439,0b05d221f57520abbd7c8e9823062c70659fe0ec32737dd3da2aaa0d21dd26ec,19,1,
笑傲角色-战斗/zszd/zswq01.pwd,542,37a78c183bca3d7333303362c42d1311ab9d87d28e6a83009101ec682eb8d9bc,43,4,
笑傲角色-战斗/zszd/zswq02.pwd,672,bb7b73596c9c5eb12251f47632f344347cf2cc7d0cbf87ad02811ffa50887cd9,44,3,
笑傲角色-战斗/zszd/zswq05.pwd,799,d42eee88744778cee992644888f536d9f4a10ab5a36ee5d581c7707f419d2c23,47,3,
笑傲角色-战斗/zszd/zswq06.pwd,731,b516c10705f390fc23f05b1d189d647a2900523ca8887363b58eb936318d8d77,48,3,
笑傲角色-战斗/zszd/zszd01.pwd,453,0390c8928668c3b6e6bdc95356fc9012be0cacbf8d9f17b870d120a166ce2988,38,3,
笑傲角色-战斗/zszd/zszd02.pwd,450,50b5d103e3eb1c344587c4f2600d182ff8aeb471d6d5bd2631ae7d9317e31a15,39,3,
笑傲角色-战斗/zszd/zszd03.pwd,590,ffab967e98ecdb01d7021efd7928c706f4923f729015c8f1ca7f6438c58d4cfd,40,3,
笑傲角色-战斗/zszd/zszd04.pwd,647,aa77a921c3666e1f508eb5fd482874fea9299d25f29dbb143386b804b30cae12,41,3,
笑傲角色-战斗/zszd/zszd05.pwd,816,c88d91dbbb96bfd2e0259530b68da9dc454652631c079bdc1f735883e4c28e6f,42,3,
